{
  "info": {
    "identifiers": {
      "id": "student_15"
    },
    "numericalMetadata": {
      "Extroversion": 3.0,
      "Agreeableness": 3.2,
      "Conscientiousness": 6.1,
      "Emotional Stability": 2.7,
      "Openness": 5.1
    }
  },
  "emotions": {
    "Arousal": [
      0.3333333333333333,
      0.5,
      1.0,
      0.8333333333333334,
      0.8333333333333334,
      1.0,
      0.8333333333333334,
      0.8333333333333334,
      0.8333333333333334,
      0.6666666666666666,
      1.0,
      0.16666666666666666,
      0.3333333333333333,
      1.0,
      0.5,
      0.8333333333333334,
      0.6666666666666666,
      0.8333333333333334,
      0.8333333333333334,
      0.8333333333333334,
      0.6666666666666666,
      0.5,
      1.0,
      0.5,
      0.6666666666666666,
      0.5,
      0.8333333333333334,
      0.16666666666666666,
      1.0,
      1.0,
      0.8333333333333334,
      0.6666666666666666,
      0.5,
      0.3333333333333333,
      0.6666666666666666,
      0.8333333333333334
    ],
    "Valence": [
      0.8333333333333334,
      0.8333333333333334,
      0.6666666666666666,
      0.8333333333333334,
      0.16666666666666666,
      1.0,
      0.16666666666666666,
      1.0,
      0.3333333333333333,
      0.0,
      0.0,
      0.8333333333333334,
      1.0,
      0.16666666666666666,
      1.0,
      1.0,
      0.16666666666666666,
      0.3333333333333333,
      0.3333333333333333,
      0.3333333333333333,
      0.8333333333333334,
      0.5,
      0.16666666666666666,
      1.0,
      0.0,
      0.8333333333333334,
      0.6666666666666666,
      0.8333333333333334,
      0.0,
      0.0,
      0.0,
      0.5,
      1.0,
      1.0,
      0.3333333333333333,
      0.0
    ],
    "Engagement": [
      1.0,
      1.0,
      1.0,
      1.0,
      0.5,
      1.0,
      0.8333333333333334,
      0.8333333333333334,
      1.0,
      0.8333333333333334,
      1.0,
      0.6666666666666666,
      0.8333333333333334,
      1.0,
      0.8333333333333334,
      0.8333333333333334,
      0.8333333333333334,
      1.0,
      0.5,
      1.0,
      0.5,
      1.0,
      1.0,
      0.5,
      0.8333333333333334,
      0.6666666666666666,
      1.0,
      0.6666666666666666,
      1.0,
      1.0,
      1.0,
      0.8333333333333334,
      0.8333333333333334,
      1.0,
      0.5,
      1.0
    ],
    "Liking": [
      1.0,
      0.8333333333333334,
      0.8333333333333334,
      1.0,
      0.3333333333333333,
      1.0,
      0.3333333333333333,
      1.0,
      0.16666666666666666,
      0.16666666666666666,
      0.3333333333333333,
      0.6666666666666666,
      0.8333333333333334,
      0.5,
      0.8333333333333334,
      0.8333333333333334,
      0.16666666666666666,
      0.16666666666666666,
      0.3333333333333333,
      0.3333333333333333,
      0.8333333333333334,
      0.3333333333333333,
      0.3333333333333333,
      0.8333333333333334,
      0.3333333333333333,
      0.8333333333333334,
      0.8333333333333334,
      0.8333333333333334,
      0.0,
      0.16666666666666666,
      0.0,
      0.5,
      1.0,
      0.8333333333333334,
      0.3333333333333333,
      0.0
    ],
    "Familiarity": [
      0.0,
      0.5,
      0.5,
      0.5,
      0.5,
      0.6666666666666666,
      0.5,
      0.0,
      0.0,
      0.0,
      0.0,
      0.0,
      0.5,
      0.0,
      0.6666666666666666,
      0.6666666666666666,
      0.16666666666666666,
      0.0,
      0.0,
      0.0,
      0.3333333333333333,
      0.16666666666666666,
      0.16666666666666666,
      0.0,
      0.5,
      0.6666666666666666,
      0.6666666666666666,
      0.0,
      0.16666666666666666,
      0.6666666666666666,
      0.6666666666666666,
      0.16666666666666666,
      0.0,
      0.16666666666666666,
      0.0,
      0.0
    ]
  }
}