{
  "info": {
    "identifiers": {
      "id": "student_6"
    },
    "numericalMetadata": {
      "Extroversion": 3.5,
      "Agreeableness": 4.9,
      "Conscientiousness": 5.4,
      "Emotional Stability": 3.9,
      "Openness": 4.9
    }
  },
  "emotions": {
    "Arousal": [
      0.6666666666666666,
      0.5,
      0.5,
      0.5,
      0.3333333333333333,
      0.6666666666666666,
      0.6666666666666666,
      0.5,
      0.6666666666666666,
      0.8333333333333334,
      0.8333333333333334,
      0.8333333333333334,
      0.3333333333333333,
      0.8333333333333334,
      0.5,
      0.6666666666666666,
      0.6666666666666666,
      0.6666666666666666,
      0.8333333333333334,
      0.8333333333333334,
      0.5,
      0.3333333333333333,
      0.5,
      0.6666666666666666,
      0.6666666666666666,
      0.6666666666666666,
      1.0,
      0.6666666666666666,
      0.5,
      0.6666666666666666,
      0.6666666666666666,
      0.6666666666666666,
      0.5,
      0.8333333333333334,
      0.6666666666666666,
      0.5
    ],
    "Valence": [
      0.8333333333333334,
      0.5,
      0.8333333333333334,
      0.8333333333333334,
      0.3333333333333333,
      0.6666666666666666,
      0.8333333333333334,
      0.5,
      0.5,
      1.0,
      1.0,
      0.6666666666666666,
      0.6666666666666666,
      1.0,
      0.5,
      1.0,
      0.3333333333333333,
      1.0,
      0.3333333333333333,
      0.8333333333333334,
      0.6666666666666666,
      0.6666666666666666,
      0.6666666666666666,
      0.16666666666666666,
      0.3333333333333333,
      0.6666666666666666,
      0.3333333333333333,
      0.3333333333333333,
      0.3333333333333333,
      0.8333333333333334,
      0.3333333333333333,
      0.3333333333333333,
      0.8333333333333334,
      0.8333333333333334,
      0.8333333333333334,
      0.3333333333333333
    ],
    "Engagement": [
      1.0,
      0.8333333333333334,
      0.8333333333333334,
      0.8333333333333334,
      1.0,
      1.0,
      1.0,
      0.8333333333333334,
      1.0,
      1.0,
      1.0,
      0.8333333333333334,
      1.0,
      1.0,
      1.0,
      1.0,
      1.0,
      1.0,
      1.0,
      1.0,
      1.0,
      0.8333333333333334,
      1.0,
      0.6666666666666666,
      1.0,
      1.0,
      1.0,
      1.0,
      0.8333333333333334,
      1.0,
      1.0,
      1.0,
      0.8333333333333334,
      1.0,
      1.0,
      1.0
    ],
    "Liking": [
      0.8333333333333334,
      0.6666666666666666,
      0.8333333333333334,
      0.8333333333333334,
      0.5,
      0.6666666666666666,
      0.6666666666666666,
      0.3333333333333333,
      0.3333333333333333,
      0.8333333333333334,
      1.0,
      0.3333333333333333,
      0.8333333333333334,
      0.8333333333333334,
      0.5,
      0.8333333333333334,
      0.6666666666666666,
      0.8333333333333334,
      0.3333333333333333,
      0.8333333333333334,
      0.8333333333333334,
      0.6666666666666666,
      0.6666666666666666,
      0.16666666666666666,
      0.8333333333333334,
      0.3333333333333333,
      0.8333333333333334,
      0.3333333333333333,
      0.5,
      0.6666666666666666,
      0.3333333333333333,
      0.6666666666666666,
      0.5,
      0.8333333333333334,
      0.8333333333333334,
      0.3333333333333333
    ],
    "Familiarity": [
      0.0,
      0.5,
      0.6666666666666666,
      0.0,
      0.0,
      0.6666666666666666,
      0.0,
      0.0,
      0.6666666666666666,
      0.0,
      0.6666666666666666,
      0.0,
      0.3333333333333333,
      0.6666666666666666,
      0.0,
      0.5,
      0.0,
      0.0,
      0.0,
      0.16666666666666666,
      0.0,
      0.16666666666666666,
      0.0,
      0.0,
      0.16666666666666666,
      0.0,
      0.6666666666666666,
      0.0,
      0.0,
      0.5,
      0.0,
      0.5,
      0.6666666666666666,
      0.3333333333333333,
      0.3333333333333333,
      0.0
    ]
  }
}