{
  "info": {
    "identifiers": {
      "id": "student_33"
    },
    "numericalMetadata": {
      "Extroversion": 3.1,
      "Agreeableness": 3.8,
      "Conscientiousness": 4.7,
      "Emotional Stability": 4.1,
      "Openness": 4.3
    }
  },
  "emotions": {
    "Arousal": [
      0.6666666666666666,
      0.5,
      0.8333333333333334,
      0.6666666666666666,
      0.8333333333333334,
      0.3333333333333333,
      1.0,
      0.6666666666666666,
      0.6666666666666666,
      0.3333333333333333,
      0.8333333333333334,
      0.8333333333333334,
      0.6666666666666666,
      0.8333333333333334,
      0.6666666666666666,
      0.8333333333333334,
      0.5,
      0.6666666666666666,
      0.8333333333333334,
      0.8333333333333334,
      0.6666666666666666,
      0.8333333333333334,
      0.5,
      0.8333333333333334,
      0.8333333333333334,
      0.5,
      0.6666666666666666,
      0.6666666666666666,
      0.0,
      0.8333333333333334,
      0.8333333333333334,
      0.6666666666666666,
      0.8333333333333334,
      0.6666666666666666,
      0.5,
      0.16666666666666666
    ],
    "Valence": [
      0.16666666666666666,
      0.5,
      0.0,
      0.3333333333333333,
      0.8333333333333334,
      0.3333333333333333,
      0.0,
      0.3333333333333333,
      0.6666666666666666,
      0.5,
      0.0,
      0.0,
      0.3333333333333333,
      0.8333333333333334,
      0.5,
      0.6666666666666666,
      0.5,
      0.5,
      0.16666666666666666,
      0.3333333333333333,
      0.6666666666666666,
      0.16666666666666666,
      0.6666666666666666,
      0.3333333333333333,
      0.0,
      0.5,
      0.3333333333333333,
      0.6666666666666666,
      0.0,
      0.0,
      0.0,
      0.6666666666666666,
      0.6666666666666666,
      0.6666666666666666,
      0.3333333333333333,
      0.16666666666666666
    ],
    "Engagement": [
      0.8333333333333334,
      0.8333333333333334,
      0.5,
      0.8333333333333334,
      0.6666666666666666,
      0.6666666666666666,
      0.6666666666666666,
      0.6666666666666666,
      0.6666666666666666,
      0.6666666666666666,
      0.8333333333333334,
      0.6666666666666666,
      0.8333333333333334,
      0.8333333333333334,
      0.8333333333333334,
      0.6666666666666666,
      0.8333333333333334,
      0.6666666666666666,
      0.8333333333333334,
      0.8333333333333334,
      0.8333333333333334,
      0.8333333333333334,
      0.6666666666666666,
      0.6666666666666666,
      0.8333333333333334,
      0.6666666666666666,
      0.8333333333333334,
      0.6666666666666666,
      0.6666666666666666,
      0.6666666666666666,
      0.6666666666666666,
      0.8333333333333334,
      0.8333333333333334,
      0.8333333333333334,
      0.6666666666666666,
      0.8333333333333334
    ],
    "Liking": [
      0.3333333333333333,
      0.3333333333333333,
      0.0,
      0.3333333333333333,
      0.8333333333333334,
      0.16666666666666666,
      0.0,
      0.5,
      0.5,
      0.5,
      0.0,
      0.0,
      0.3333333333333333,
      0.8333333333333334,
      0.5,
      0.6666666666666666,
      0.3333333333333333,
      0.6666666666666666,
      0.3333333333333333,
      0.5,
      0.8333333333333334,
      1.0,
      0.6666666666666666,
      0.5,
      0.3333333333333333,
      0.5,
      0.5,
      0.6666666666666666,
      0.16666666666666666,
      0.0,
      0.0,
      0.8333333333333334,
      0.6666666666666666,
      0.6666666666666666,
      0.3333333333333333,
      0.3333333333333333
    ],
    "Familiarity": [
      0.0,
      0.0,
      0.0,
      0.0,
      0.0,
      0.0,
      0.3333333333333333,
      0.0,
      0.0,
      0.0,
      0.3333333333333333,
      0.0,
      0.0,
      0.3333333333333333,
      0.5,
      0.5,
      0.0,
      0.16666666666666666,
      0.0,
      0.0,
      0.0,
      0.6666666666666666,
      0.0,
      0.0,
      0.16666666666666666,
      0.0,
      0.0,
      0.16666666666666666,
      0.5,
      0.0,
      0.0,
      0.3333333333333333,
      0.0,
      0.5,
      0.0,
      0.0
    ]
  }
}