{
  "info": {
    "identifiers": {
      "id": "student_26"
    },
    "numericalMetadata": {
      "Extroversion": 3.3,
      "Agreeableness": 4.9,
      "Conscientiousness": 3.8,
      "Emotional Stability": 4.6,
      "Openness": 4.7
    }
  },
  "emotions": {
    "Arousal": [
      0.8333333333333334,
      0.16666666666666666,
      0.6666666666666666,
      0.6666666666666666,
      0.16666666666666666,
      0.8333333333333334,
      1.0,
      0.8333333333333334,
      1.0,
      1.0,
      0.8333333333333334,
      0.6666666666666666,
      0.6666666666666666,
      1.0,
      1.0,
      0.6666666666666666,
      0.8333333333333334,
      0.6666666666666666,
      0.6666666666666666,
      0.16666666666666666,
      0.5,
      0.8333333333333334,
      0.6666666666666666,
      0.5,
      0.16666666666666666,
      0.8333333333333334,
      0.8333333333333334,
      0.6666666666666666,
      0.3333333333333333,
      0.6666666666666666,
      1.0,
      0.6666666666666666,
      0.6666666666666666,
      0.8333333333333334,
      0.8333333333333334,
      0.8333333333333334
    ],
    "Valence": [
      0.16666666666666666,
      0.5,
      1.0,
      0.6666666666666666,
      0.6666666666666666,
      0.0,
      0.3333333333333333,
      0.3333333333333333,
      1.0,
      0.16666666666666666,
      1.0,
      0.3333333333333333,
      0.8333333333333334,
      0.0,
      0.3333333333333333,
      0.3333333333333333,
      0.8333333333333334,
      0.5,
      0.16666666666666666,
      0.5,
      0.6666666666666666,
      0.3333333333333333,
      0.3333333333333333,
      0.8333333333333334,
      0.5,
      1.0,
      0.3333333333333333,
      0.8333333333333334,
      0.5,
      0.3333333333333333,
      0.3333333333333333,
      1.0,
      0.16666666666666666,
      1.0,
      0.16666666666666666,
      0.3333333333333333
    ],
    "Engagement": [
      0.8333333333333334,
      0.5,
      0.8333333333333334,
      0.6666666666666666,
      0.6666666666666666,
      0.6666666666666666,
      0.8333333333333334,
      0.5,
      1.0,
      1.0,
      1.0,
      0.6666666666666666,
      0.6666666666666666,
      0.5,
      1.0,
      0.5,
      0.8333333333333334,
      0.5,
      0.6666666666666666,
      0.3333333333333333,
      0.6666666666666666,
      0.5,
      0.6666666666666666,
      0.6666666666666666,
      0.5,
      0.8333333333333334,
      0.8333333333333334,
      0.6666666666666666,
      0.5,
      0.5,
      0.6666666666666666,
      0.6666666666666666,
      0.5,
      0.6666666666666666,
      0.6666666666666666,
      0.5
    ],
    "Liking": [
      0.8333333333333334,
      0.16666666666666666,
      1.0,
      0.8333333333333334,
      0.6666666666666666,
      0.3333333333333333,
      0.6666666666666666,
      0.5,
      1.0,
      1.0,
      1.0,
      0.8333333333333334,
      0.8333333333333334,
      0.0,
      1.0,
      0.5,
      0.8333333333333334,
      0.5,
      0.5,
      0.3333333333333333,
      0.8333333333333334,
      0.16666666666666666,
      0.6666666666666666,
      0.6666666666666666,
      0.3333333333333333,
      0.8333333333333334,
      0.8333333333333334,
      0.8333333333333334,
      0.5,
      0.5,
      0.6666666666666666,
      1.0,
      0.5,
      0.8333333333333334,
      0.3333333333333333,
      0.6666666666666666
    ],
    "Familiarity": [
      0.5,
      0.0,
      0.3333333333333333,
      0.5,
      0.3333333333333333,
      0.5,
      0.3333333333333333,
      0.0,
      0.6666666666666666,
      0.3333333333333333,
      0.0,
      0.5,
      0.16666666666666666,
      0.0,
      0.6666666666666666,
      0.3333333333333333,
      0.5,
      0.0,
      0.3333333333333333,
      0.0,
      0.3333333333333333,
      0.0,
      0.0,
      0.3333333333333333,
      0.0,
      0.5,
      0.5,
      0.5,
      0.0,
      0.3333333333333333,
      0.3333333333333333,
      0.6666666666666666,
      0.3333333333333333,
      0.5,
      0.0,
      0.3333333333333333
    ]
  }
}