{
  "info": {
    "identifiers": {
      "id": "student_12"
    },
    "numericalMetadata": {
      "Extroversion": 5.8,
      "Agreeableness": 6.7,
      "Conscientiousness": 6.9,
      "Emotional Stability": 4.8,
      "Openness": 6.5
    }
  },
  "emotions": {
    "Arousal": [
      0.6666666666666666,
      0.5,
      0.6666666666666666,
      0.6666666666666666,
      0.5,
      0.6666666666666666,
      0.6666666666666666,
      0.5,
      0.6666666666666666,
      0.5,
      0.6666666666666666,
      0.5,
      0.5,
      0.6666666666666666,
      0.5,
      0.6666666666666666,
      0.5,
      0.5,
      0.8333333333333334,
      0.5,
      0.5,
      0.8333333333333334,
      0.6666666666666666,
      0.6666666666666666,
      0.5,
      0.6666666666666666,
      0.5,
      0.6666666666666666,
      0.6666666666666666,
      0.8333333333333334,
      0.6666666666666666,
      0.5,
      0.6666666666666666,
      0.6666666666666666,
      0.6666666666666666,
      0.6666666666666666
    ],
    "Valence": [
      0.3333333333333333,
      0.6666666666666666,
      0.6666666666666666,
      0.6666666666666666,
      0.6666666666666666,
      0.16666666666666666,
      0.3333333333333333,
      0.6666666666666666,
      0.3333333333333333,
      0.6666666666666666,
      0.3333333333333333,
      0.6666666666666666,
      0.5,
      0.3333333333333333,
      0.3333333333333333,
      0.8333333333333334,
      0.3333333333333333,
      0.5,
      1.0,
      0.3333333333333333,
      0.6666666666666666,
      0.3333333333333333,
      0.3333333333333333,
      0.3333333333333333,
      0.6666666666666666,
      0.8333333333333334,
      0.6666666666666666,
      0.3333333333333333,
      0.3333333333333333,
      0.8333333333333334,
      0.16666666666666666,
      0.6666666666666666,
      0.3333333333333333,
      1.0,
      0.3333333333333333,
      0.8333333333333334
    ],
    "Engagement": [
      0.6666666666666666,
      0.6666666666666666,
      0.6666666666666666,
      0.6666666666666666,
      0.8333333333333334,
      0.6666666666666666,
      0.8333333333333334,
      0.6666666666666666,
      0.6666666666666666,
      0.6666666666666666,
      0.6666666666666666,
      0.6666666666666666,
      0.6666666666666666,
      0.6666666666666666,
      0.5,
      0.8333333333333334,
      0.6666666666666666,
      0.6666666666666666,
      1.0,
      0.5,
      0.6666666666666666,
      0.6666666666666666,
      0.6666666666666666,
      0.5,
      0.6666666666666666,
      0.8333333333333334,
      0.6666666666666666,
      0.5,
      0.6666666666666666,
      0.8333333333333334,
      0.5,
      0.6666666666666666,
      0.5,
      0.8333333333333334,
      0.8333333333333334,
      0.8333333333333334
    ],
    "Liking": [
      0.3333333333333333,
      0.6666666666666666,
      0.6666666666666666,
      0.6666666666666666,
      0.8333333333333334,
      0.0,
      0.8333333333333334,
      0.6666666666666666,
      0.8333333333333334,
      0.8333333333333334,
      0.3333333333333333,
      0.6666666666666666,
      0.5,
      0.5,
      0.3333333333333333,
      0.8333333333333334,
      0.3333333333333333,
      0.3333333333333333,
      1.0,
      0.3333333333333333,
      0.6666666666666666,
      0.3333333333333333,
      0.3333333333333333,
      0.3333333333333333,
      0.6666666666666666,
      0.8333333333333334,
      0.8333333333333334,
      0.5,
      0.3333333333333333,
      0.8333333333333334,
      0.0,
      0.6666666666666666,
      0.5,
      1.0,
      1.0,
      0.8333333333333334
    ],
    "Familiarity": [
      0.0,
      0.0,
      0.0,
      0.0,
      0.3333333333333333,
      0.0,
      0.0,
      0.0,
      0.5,
      0.5,
      0.0,
      0.0,
      0.0,
      0.16666666666666666,
      0.0,
      0.3333333333333333,
      0.0,
      0.0,
      0.6666666666666666,
      0.0,
      0.3333333333333333,
      0.3333333333333333,
      0.0,
      0.0,
      0.0,
      0.0,
      0.0,
      0.0,
      0.0,
      0.3333333333333333,
      0.0,
      0.0,
      0.16666666666666666,
      0.6666666666666666,
      0.6666666666666666,
      0.3333333333333333
    ]
  }
}