{
  "info": {
    "identifiers": {
      "id": "student_27"
    },
    "numericalMetadata": {
      "Extroversion": 3.0,
      "Agreeableness": 3.5,
      "Conscientiousness": 5.9,
      "Emotional Stability": 3.8,
      "Openness": 5.0
    }
  },
  "emotions": {
    "Arousal": [
      0.6666666666666666,
      0.6666666666666666,
      0.3333333333333333,
      0.6666666666666666,
      0.6666666666666666,
      0.5,
      0.8333333333333334,
      0.6666666666666666,
      0.6666666666666666,
      0.8333333333333334,
      0.8333333333333334,
      0.6666666666666666,
      0.6666666666666666,
      0.8333333333333334,
      0.8333333333333334,
      0.8333333333333334,
      0.6666666666666666,
      0.3333333333333333,
      0.5,
      0.6666666666666666,
      0.8333333333333334,
      0.3333333333333333,
      0.6666666666666666,
      0.6666666666666666,
      0.5,
      0.8333333333333334,
      0.6666666666666666,
      0.3333333333333333,
      0.6666666666666666,
      0.3333333333333333,
      0.6666666666666666,
      0.8333333333333334,
      0.5,
      0.5,
      0.6666666666666666,
      0.3333333333333333
    ],
    "Valence": [
      0.6666666666666666,
      0.3333333333333333,
      0.3333333333333333,
      0.16666666666666666,
      0.16666666666666666,
      0.16666666666666666,
      0.0,
      0.6666666666666666,
      0.8333333333333334,
      0.0,
      0.6666666666666666,
      0.6666666666666666,
      1.0,
      0.0,
      0.6666666666666666,
      0.3333333333333333,
      0.6666666666666666,
      0.0,
      0.5,
      0.5,
      0.16666666666666666,
      0.3333333333333333,
      0.6666666666666666,
      0.6666666666666666,
      0.16666666666666666,
      0.0,
      0.0,
      0.5,
      0.8333333333333334,
      0.3333333333333333,
      0.16666666666666666,
      0.16666666666666666,
      0.6666666666666666,
      0.3333333333333333,
      0.3333333333333333,
      0.5
    ],
    "Engagement": [
      0.5,
      0.6666666666666666,
      0.3333333333333333,
      0.6666666666666666,
      0.6666666666666666,
      0.16666666666666666,
      0.8333333333333334,
      0.5,
      0.6666666666666666,
      0.6666666666666666,
      0.6666666666666666,
      0.5,
      0.8333333333333334,
      0.8333333333333334,
      0.8333333333333334,
      1.0,
      0.8333333333333334,
      0.16666666666666666,
      0.5,
      0.5,
      0.6666666666666666,
      0.0,
      0.5,
      0.6666666666666666,
      0.5,
      0.6666666666666666,
      0.6666666666666666,
      0.5,
      0.6666666666666666,
      0.16666666666666666,
      0.3333333333333333,
      0.8333333333333334,
      0.6666666666666666,
      0.5,
      0.3333333333333333,
      0.5
    ],
    "Liking": [
      0.6666666666666666,
      0.5,
      0.3333333333333333,
      0.3333333333333333,
      0.3333333333333333,
      0.16666666666666666,
      0.0,
      0.5,
      0.6666666666666666,
      0.3333333333333333,
      0.6666666666666666,
      0.5,
      1.0,
      0.16666666666666666,
      0.6666666666666666,
      0.5,
      0.6666666666666666,
      0.0,
      0.3333333333333333,
      0.6666666666666666,
      0.5,
      0.0,
      0.6666666666666666,
      0.8333333333333334,
      0.16666666666666666,
      0.16666666666666666,
      0.16666666666666666,
      0.5,
      0.8333333333333334,
      0.16666666666666666,
      0.3333333333333333,
      0.5,
      0.6666666666666666,
      0.3333333333333333,
      0.3333333333333333,
      0.5
    ],
    "Familiarity": [
      0.3333333333333333,
      0.0,
      0.0,
      0.0,
      0.0,
      0.0,
      0.3333333333333333,
      0.6666666666666666,
      0.3333333333333333,
      0.16666666666666666,
      0.16666666666666666,
      0.0,
      0.0,
      0.0,
      0.0,
      0.0,
      0.0,
      0.0,
      0.3333333333333333,
      0.0,
      0.5,
      0.0,
      0.0,
      0.5,
      0.16666666666666666,
      0.16666666666666666,
      0.0,
      0.0,
      0.3333333333333333,
      0.0,
      0.5,
      0.0,
      0.0,
      0.0,
      0.0,
      0.0
    ]
  }
}