{
  "info": {
    "identifiers": {
      "id": "student_30"
    },
    "numericalMetadata": {
      "Extroversion": 3.6,
      "Agreeableness": 5.4,
      "Conscientiousness": 5.5,
      "Emotional Stability": 5.0,
      "Openness": 4.4
    }
  },
  "emotions": {
    "Arousal": [
      0.5,
      0.5,
      0.6666666666666666,
      0.6666666666666666,
      0.6666666666666666,
      1.0,
      0.3333333333333333,
      0.16666666666666666,
      0.5,
      0.6666666666666666,
      0.6666666666666666,
      0.6666666666666666,
      0.6666666666666666,
      0.5,
      0.8333333333333334,
      0.16666666666666666,
      0.6666666666666666,
      0.8333333333333334,
      0.6666666666666666,
      0.16666666666666666,
      0.8333333333333334,
      1.0,
      0.3333333333333333,
      0.6666666666666666,
      1.0,
      0.8333333333333334,
      0.6666666666666666,
      0.16666666666666666,
      0.16666666666666666,
      0.16666666666666666,
      0.8333333333333334,
      0.8333333333333334,
      0.6666666666666666,
      0.6666666666666666,
      0.5,
      0.5
    ],
    "Valence": [
      0.5,
      0.6666666666666666,
      0.8333333333333334,
      0.6666666666666666,
      0.8333333333333334,
      1.0,
      0.5,
      0.5,
      0.16666666666666666,
      0.3333333333333333,
      0.8333333333333334,
      0.5,
      0.8333333333333334,
      0.3333333333333333,
      0.8333333333333334,
      0.5,
      0.3333333333333333,
      0.3333333333333333,
      0.8333333333333334,
      0.5,
      0.3333333333333333,
      1.0,
      0.5,
      0.6666666666666666,
      1.0,
      0.0,
      0.6666666666666666,
      0.6666666666666666,
      0.3333333333333333,
      0.8333333333333334,
      1.0,
      0.16666666666666666,
      0.8333333333333334,
      0.16666666666666666,
      0.6666666666666666,
      0.3333333333333333
    ],
    "Engagement": [
      0.6666666666666666,
      0.8333333333333334,
      0.8333333333333334,
      0.8333333333333334,
      0.8333333333333334,
      1.0,
      0.6666666666666666,
      0.6666666666666666,
      0.6666666666666666,
      0.8333333333333334,
      0.8333333333333334,
      0.6666666666666666,
      0.6666666666666666,
      0.8333333333333334,
      1.0,
      0.8333333333333334,
      0.8333333333333334,
      0.8333333333333334,
      0.8333333333333334,
      0.6666666666666666,
      1.0,
      1.0,
      0.6666666666666666,
      0.8333333333333334,
      0.8333333333333334,
      0.6666666666666666,
      0.6666666666666666,
      0.6666666666666666,
      1.0,
      0.8333333333333334,
      1.0,
      0.8333333333333334,
      0.8333333333333334,
      0.6666666666666666,
      0.6666666666666666,
      0.8333333333333334
    ],
    "Liking": [
      0.3333333333333333,
      0.6666666666666666,
      0.6666666666666666,
      0.6666666666666666,
      0.8333333333333334,
      1.0,
      0.3333333333333333,
      0.3333333333333333,
      0.3333333333333333,
      0.8333333333333334,
      0.8333333333333334,
      0.5,
      0.6666666666666666,
      0.5,
      0.8333333333333334,
      0.3333333333333333,
      0.3333333333333333,
      0.8333333333333334,
      0.8333333333333334,
      0.16666666666666666,
      0.8333333333333334,
      1.0,
      0.3333333333333333,
      0.6666666666666666,
      0.8333333333333334,
      0.0,
      0.6666666666666666,
      0.6666666666666666,
      1.0,
      0.6666666666666666,
      1.0,
      0.8333333333333334,
      0.6666666666666666,
      0.3333333333333333,
      0.5,
      0.5
    ],
    "Familiarity": [
      0.0,
      0.0,
      0.5,
      0.0,
      0.0,
      0.0,
      0.0,
      0.5,
      0.0,
      0.16666666666666666,
      0.16666666666666666,
      0.16666666666666666,
      0.16666666666666666,
      0.0,
      0.0,
      0.0,
      0.0,
      0.5,
      0.16666666666666666,
      0.0,
      0.0,
      0.0,
      0.0,
      0.16666666666666666,
      0.0,
      0.0,
      0.3333333333333333,
      0.0,
      0.0,
      0.0,
      0.0,
      0.0,
      0.16666666666666666,
      0.0,
      0.0,
      0.0
    ]
  }
}