{
  "info": {
    "identifiers": {
      "id": "student_2"
    },
    "numericalMetadata": {
      "Extroversion": 3.0,
      "Agreeableness": 5.1,
      "Conscientiousness": 4.3,
      "Emotional Stability": 3.7,
      "Openness": 4.6
    }
  },
  "emotions": {
    "Arousal": [
      0.8333333333333334,
      0.6666666666666666,
      0.16666666666666666,
      1.0,
      0.6666666666666666,
      0.6666666666666666,
      0.8333333333333334,
      0.8333333333333334,
      0.6666666666666666,
      0.6666666666666666,
      0.6666666666666666,
      0.6666666666666666,
      0.6666666666666666,
      0.5,
      0.5,
      0.3333333333333333,
      0.3333333333333333,
      0.3333333333333333,
      0.6666666666666666,
      0.3333333333333333,
      1.0,
      0.8333333333333334,
      1.0,
      0.16666666666666666,
      0.6666666666666666,
      0.6666666666666666,
      0.8333333333333334,
      0.6666666666666666,
      0.5,
      0.6666666666666666,
      0.5,
      0.8333333333333334,
      0.5,
      0.5,
      0.8333333333333334,
      0.5
    ],
    "Valence": [
      1.0,
      0.8333333333333334,
      0.5,
      0.0,
      1.0,
      0.3333333333333333,
      0.5,
      0.8333333333333334,
      0.5,
      0.3333333333333333,
      0.8333333333333334,
      1.0,
      0.6666666666666666,
      0.3333333333333333,
      0.6666666666666666,
      0.5,
      0.5,
      0.5,
      0.8333333333333334,
      0.6666666666666666,
      1.0,
      0.3333333333333333,
      0.0,
      0.8333333333333334,
      0.3333333333333333,
      0.5,
      0.5,
      0.8333333333333334,
      0.16666666666666666,
      0.3333333333333333,
      0.6666666666666666,
      1.0,
      0.6666666666666666,
      0.6666666666666666,
      0.5,
      0.5
    ],
    "Engagement": [
      0.8333333333333334,
      1.0,
      0.8333333333333334,
      0.6666666666666666,
      1.0,
      0.8333333333333334,
      0.8333333333333334,
      1.0,
      0.8333333333333334,
      1.0,
      1.0,
      1.0,
      0.8333333333333334,
      0.8333333333333334,
      0.8333333333333334,
      0.8333333333333334,
      0.8333333333333334,
      0.8333333333333334,
      1.0,
      0.8333333333333334,
      1.0,
      1.0,
      1.0,
      1.0,
      0.8333333333333334,
      0.6666666666666666,
      0.8333333333333334,
      0.8333333333333334,
      0.8333333333333334,
      0.8333333333333334,
      1.0,
      1.0,
      0.6666666666666666,
      0.6666666666666666,
      0.6666666666666666,
      1.0
    ],
    "Liking": [
      0.8333333333333334,
      0.8333333333333334,
      0.5,
      0.0,
      1.0,
      0.5,
      0.8333333333333334,
      1.0,
      0.8333333333333334,
      0.6666666666666666,
      0.8333333333333334,
      1.0,
      0.8333333333333334,
      0.3333333333333333,
      0.6666666666666666,
      0.6666666666666666,
      0.3333333333333333,
      0.5,
      1.0,
      0.8333333333333334,
      1.0,
      0.8333333333333334,
      1.0,
      1.0,
      0.6666666666666666,
      0.5,
      0.5,
      0.8333333333333334,
      0.3333333333333333,
      1.0,
      1.0,
      1.0,
      0.6666666666666666,
      0.5,
      0.6666666666666666,
      0.8333333333333334
    ],
    "Familiarity": [
      0.0,
      0.6666666666666666,
      0.3333333333333333,
      0.0,
      0.5,
      0.0,
      0.3333333333333333,
      0.6666666666666666,
      0.5,
      0.0,
      0.5,
      0.3333333333333333,
      0.6666666666666666,
      0.0,
      0.5,
      0.6666666666666666,
      0.0,
      0.16666666666666666,
      0.6666666666666666,
      0.3333333333333333,
      0.6666666666666666,
      0.6666666666666666,
      0.6666666666666666,
      0.6666666666666666,
      0.0,
      0.0,
      0.0,
      0.6666666666666666,
      0.0,
      0.6666666666666666,
      0.6666666666666666,
      0.6666666666666666,
      0.6666666666666666,
      0.0,
      0.16666666666666666,
      0.6666666666666666
    ]
  }
}