{
  "info": {
    "identifiers": {
      "id": "student_10"
    },
    "numericalMetadata": {
      "Extroversion": 4.9,
      "Agreeableness": 5.6,
      "Conscientiousness": 5.9,
      "Emotional Stability": 4.0,
      "Openness": 5.4
    }
  },
  "emotions": {
    "Arousal": [
      0.8333333333333334,
      0.6666666666666666,
      0.3333333333333333,
      0.5,
      0.5,
      0.5,
      0.5,
      0.5,
      0.5,
      0.6666666666666666,
      0.5,
      1.0,
      0.8333333333333334,
      0.6666666666666666,
      0.8333333333333334,
      0.5,
      0.5,
      0.3333333333333333,
      0.3333333333333333,
      0.5,
      0.6666666666666666,
      0.5,
      0.6666666666666666,
      0.6666666666666666,
      0.6666666666666666,
      0.8333333333333334,
      0.5,
      0.8333333333333334,
      0.6666666666666666,
      0.16666666666666666,
      0.6666666666666666,
      0.5,
      0.6666666666666666,
      0.6666666666666666,
      0.6666666666666666,
      0.5
    ],
    "Valence": [
      0.8333333333333334,
      0.5,
      0.8333333333333334,
      0.5,
      0.3333333333333333,
      0.5,
      0.3333333333333333,
      0.16666666666666666,
      0.5,
      0.8333333333333334,
      0.0,
      0.8333333333333334,
      0.6666666666666666,
      0.6666666666666666,
      0.3333333333333333,
      0.16666666666666666,
      0.16666666666666666,
      0.5,
      0.8333333333333334,
      0.16666666666666666,
      0.5,
      0.5,
      0.3333333333333333,
      0.16666666666666666,
      0.8333333333333334,
      0.3333333333333333,
      0.6666666666666666,
      0.16666666666666666,
      0.3333333333333333,
      1.0,
      0.5,
      0.8333333333333334,
      0.8333333333333334,
      0.5,
      0.8333333333333334,
      0.16666666666666666
    ],
    "Engagement": [
      0.8333333333333334,
      0.6666666666666666,
      0.8333333333333334,
      0.6666666666666666,
      0.8333333333333334,
      0.8333333333333334,
      0.6666666666666666,
      0.8333333333333334,
      0.6666666666666666,
      1.0,
      0.6666666666666666,
      1.0,
      1.0,
      0.8333333333333334,
      0.8333333333333334,
      0.8333333333333334,
      1.0,
      1.0,
      0.8333333333333334,
      0.6666666666666666,
      0.8333333333333334,
      0.6666666666666666,
      0.6666666666666666,
      0.8333333333333334,
      0.8333333333333334,
      1.0,
      0.8333333333333334,
      0.6666666666666666,
      0.8333333333333334,
      1.0,
      0.6666666666666666,
      0.5,
      0.8333333333333334,
      0.8333333333333334,
      0.8333333333333334,
      1.0
    ],
    "Liking": [
      0.6666666666666666,
      0.5,
      0.6666666666666666,
      0.5,
      0.5,
      0.3333333333333333,
      0.3333333333333333,
      0.3333333333333333,
      0.6666666666666666,
      1.0,
      0.0,
      1.0,
      1.0,
      0.8333333333333334,
      0.5,
      0.5,
      0.3333333333333333,
      0.8333333333333334,
      0.8333333333333334,
      0.3333333333333333,
      0.5,
      0.6666666666666666,
      0.3333333333333333,
      0.3333333333333333,
      0.8333333333333334,
      0.6666666666666666,
      0.8333333333333334,
      0.16666666666666666,
      0.5,
      1.0,
      0.3333333333333333,
      0.8333333333333334,
      0.8333333333333334,
      0.5,
      0.6666666666666666,
      0.3333333333333333
    ],
    "Familiarity": [
      0.16666666666666666,
      0.3333333333333333,
      0.5,
      0.5,
      0.0,
      0.6666666666666666,
      0.16666666666666666,
      0.5,
      0.6666666666666666,
      0.5,
      0.0,
      0.6666666666666666,
      0.6666666666666666,
      0.0,
      0.5,
      0.3333333333333333,
      0.6666666666666666,
      0.0,
      0.5,
      0.5,
      0.16666666666666666,
      0.6666666666666666,
      0.6666666666666666,
      0.6666666666666666,
      0.0,
      0.0,
      0.6666666666666666,
      0.6666666666666666,
      0.16666666666666666,
      0.6666666666666666,
      0.6666666666666666,
      0.0,
      0.16666666666666666,
      0.6666666666666666,
      0.6666666666666666,
      0.6666666666666666
    ]
  }
}