{
  "info": {
    "identifiers": {
      "id": "student_51"
    },
    "numericalMetadata": {
      "Extroversion": 4.8,
      "Agreeableness": 5.1,
      "Conscientiousness": 5.4,
      "Emotional Stability": 3.8,
      "Openness": 5.3
    }
  },
  "emotions": {
    "Arousal": [
      1.0,
      0.6666666666666666,
      0.6666666666666666,
      0.8333333333333334,
      0.8333333333333334,
      0.3333333333333333,
      0.8333333333333334,
      0.8333333333333334,
      0.8333333333333334,
      0.8333333333333334,
      0.8333333333333334,
      0.6666666666666666,
      0.6666666666666666,
      0.8333333333333334,
      0.8333333333333334,
      0.5,
      0.16666666666666666,
      0.6666666666666666,
      1.0,
      0.6666666666666666,
      0.5,
      0.8333333333333334,
      0.6666666666666666,
      0.8333333333333334,
      0.5,
      0.6666666666666666,
      0.6666666666666666,
      1.0,
      0.6666666666666666,
      0.8333333333333334,
      0.6666666666666666,
      0.6666666666666666,
      0.3333333333333333,
      0.5,
      0.8333333333333334,
      0.8333333333333334
    ],
    "Valence": [
      1.0,
      0.8333333333333334,
      0.6666666666666666,
      0.8333333333333334,
      0.6666666666666666,
      0.8333333333333334,
      0.8333333333333334,
      0.8333333333333334,
      0.8333333333333334,
      0.6666666666666666,
      0.16666666666666666,
      0.6666666666666666,
      0.8333333333333334,
      0.8333333333333334,
      0.8333333333333334,
      0.8333333333333334,
      0.5,
      0.8333333333333334,
      1.0,
      0.6666666666666666,
      0.6666666666666666,
      1.0,
      0.8333333333333334,
      0.8333333333333334,
      0.6666666666666666,
      0.6666666666666666,
      0.6666666666666666,
      1.0,
      0.8333333333333334,
      0.8333333333333334,
      0.8333333333333334,
      0.6666666666666666,
      0.6666666666666666,
      0.5,
      0.8333333333333334,
      0.3333333333333333
    ],
    "Engagement": [
      1.0,
      0.8333333333333334,
      0.6666666666666666,
      0.6666666666666666,
      0.6666666666666666,
      0.8333333333333334,
      0.8333333333333334,
      0.8333333333333334,
      0.6666666666666666,
      1.0,
      0.8333333333333334,
      0.6666666666666666,
      0.8333333333333334,
      0.8333333333333334,
      0.8333333333333334,
      0.8333333333333334,
      0.5,
      0.8333333333333334,
      1.0,
      0.6666666666666666,
      0.6666666666666666,
      0.8333333333333334,
      0.6666666666666666,
      0.8333333333333334,
      0.6666666666666666,
      0.6666666666666666,
      0.6666666666666666,
      1.0,
      0.5,
      0.6666666666666666,
      0.8333333333333334,
      0.6666666666666666,
      0.8333333333333334,
      0.5,
      0.8333333333333334,
      0.8333333333333334
    ],
    "Liking": [
      1.0,
      0.8333333333333334,
      0.5,
      0.8333333333333334,
      0.8333333333333334,
      0.8333333333333334,
      1.0,
      0.8333333333333334,
      0.8333333333333334,
      0.6666666666666666,
      0.3333333333333333,
      0.8333333333333334,
      0.8333333333333334,
      1.0,
      0.8333333333333334,
      0.6666666666666666,
      0.5,
      0.8333333333333334,
      1.0,
      0.6666666666666666,
      0.6666666666666666,
      1.0,
      0.8333333333333334,
      0.8333333333333334,
      0.6666666666666666,
      0.5,
      0.5,
      1.0,
      0.8333333333333334,
      0.8333333333333334,
      0.8333333333333334,
      0.6666666666666666,
      0.8333333333333334,
      0.5,
      0.8333333333333334,
      0.3333333333333333
    ],
    "Familiarity": [
      0.0,
      0.3333333333333333,
      0.0,
      0.0,
      0.0,
      0.0,
      0.0,
      0.0,
      0.0,
      0.0,
      0.0,
      0.0,
      0.0,
      0.5,
      0.0,
      0.0,
      0.0,
      0.0,
      0.0,
      0.0,
      0.0,
      0.0,
      0.3333333333333333,
      0.5,
      0.0,
      0.0,
      0.0,
      0.6666666666666666,
      0.0,
      0.5,
      0.0,
      0.0,
      0.16666666666666666,
      0.0,
      0.0,
      0.0
    ]
  }
}