{
  "info": {
    "identifiers": {
      "id": "student_57"
    },
    "numericalMetadata": {
      "Extroversion": 5.6,
      "Agreeableness": 5.3,
      "Conscientiousness": 6.0,
      "Emotional Stability": 4.4,
      "Openness": 4.2
    }
  },
  "emotions": {
    "Arousal": [
      0.8333333333333334,
      0.8333333333333334,
      0.16666666666666666,
      1.0,
      0.5,
      0.6666666666666666,
      0.8333333333333334,
      0.8333333333333334,
      0.5,
      0.16666666666666666,
      0.3333333333333333,
      0.6666666666666666,
      0.5,
      0.8333333333333334,
      0.6666666666666666,
      0.3333333333333333,
      0.6666666666666666,
      0.6666666666666666,
      0.8333333333333334,
      0.6666666666666666,
      0.8333333333333334,
      0.6666666666666666,
      0.6666666666666666,
      0.6666666666666666,
      0.8333333333333334,
      0.16666666666666666,
      0.6666666666666666,
      0.8333333333333334,
      0.8333333333333334,
      0.6666666666666666,
      0.6666666666666666,
      1.0,
      0.5,
      0.8333333333333334,
      0.5,
      0.6666666666666666
    ],
    "Valence": [
      0.8333333333333334,
      0.0,
      0.5,
      1.0,
      0.5,
      0.3333333333333333,
      0.8333333333333334,
      0.0,
      0.3333333333333333,
      0.5,
      0.5,
      0.6666666666666666,
      0.6666666666666666,
      0.8333333333333334,
      0.3333333333333333,
      0.5,
      0.6666666666666666,
      0.8333333333333334,
      0.3333333333333333,
      0.8333333333333334,
      0.8333333333333334,
      0.0,
      0.8333333333333334,
      0.6666666666666666,
      0.3333333333333333,
      0.5,
      0.8333333333333334,
      0.5,
      0.8333333333333334,
      0.3333333333333333,
      0.3333333333333333,
      1.0,
      0.5,
      0.6666666666666666,
      0.3333333333333333,
      0.8333333333333334
    ],
    "Engagement": [
      0.8333333333333334,
      0.6666666666666666,
      0.3333333333333333,
      0.8333333333333334,
      0.6666666666666666,
      0.8333333333333334,
      0.8333333333333334,
      0.6666666666666666,
      0.5,
      0.6666666666666666,
      0.6666666666666666,
      0.6666666666666666,
      0.5,
      0.8333333333333334,
      0.3333333333333333,
      0.6666666666666666,
      0.6666666666666666,
      0.8333333333333334,
      0.8333333333333334,
      0.8333333333333334,
      0.8333333333333334,
      0.5,
      0.8333333333333334,
      0.6666666666666666,
      0.6666666666666666,
      0.3333333333333333,
      0.6666666666666666,
      0.8333333333333334,
      0.8333333333333334,
      0.8333333333333334,
      0.6666666666666666,
      1.0,
      0.0,
      1.0,
      0.6666666666666666,
      0.8333333333333334
    ],
    "Liking": [
      0.8333333333333334,
      0.0,
      0.5,
      1.0,
      0.6666666666666666,
      0.8333333333333334,
      0.6666666666666666,
      0.0,
      0.16666666666666666,
      0.3333333333333333,
      0.3333333333333333,
      0.5,
      0.6666666666666666,
      0.8333333333333334,
      0.5,
      0.16666666666666666,
      0.6666666666666666,
      0.8333333333333334,
      0.8333333333333334,
      0.8333333333333334,
      0.8333333333333334,
      0.16666666666666666,
      0.8333333333333334,
      0.5,
      0.3333333333333333,
      0.16666666666666666,
      0.6666666666666666,
      0.8333333333333334,
      0.8333333333333334,
      0.8333333333333334,
      0.5,
      0.8333333333333334,
      0.5,
      0.8333333333333334,
      0.5,
      0.8333333333333334
    ],
    "Familiarity": [
      0.0,
      0.0,
      0.0,
      0.5,
      0.0,
      0.16666666666666666,
      0.0,
      0.0,
      0.3333333333333333,
      0.0,
      0.0,
      0.0,
      0.0,
      0.16666666666666666,
      0.0,
      0.0,
      0.0,
      0.0,
      0.5,
      0.0,
      0.0,
      0.0,
      0.0,
      0.0,
      0.5,
      0.0,
      0.3333333333333333,
      0.6666666666666666,
      0.16666666666666666,
      0.0,
      0.16666666666666666,
      0.0,
      0.16666666666666666,
      0.0,
      0.0,
      0.0
    ]
  }
}