{
  "info": {
    "identifiers": {
      "id": "student_39"
    },
    "numericalMetadata": {
      "Extroversion": 4.5,
      "Agreeableness": 5.0,
      "Conscientiousness": 4.5,
      "Emotional Stability": 4.8,
      "Openness": 4.8
    }
  },
  "emotions": {
    "Arousal": [
      1.0,
      0.6666666666666666,
      0.8333333333333334,
      1.0,
      0.8333333333333334,
      0.6666666666666666,
      0.6666666666666666,
      0.6666666666666666,
      0.8333333333333334,
      0.6666666666666666,
      0.6666666666666666,
      0.6666666666666666,
      0.6666666666666666,
      0.8333333333333334,
      0.8333333333333334,
      0.6666666666666666,
      0.16666666666666666,
      0.6666666666666666,
      0.8333333333333334,
      0.6666666666666666,
      0.8333333333333334,
      0.6666666666666666,
      0.5,
      0.6666666666666666,
      0.5,
      0.5,
      0.8333333333333334,
      1.0,
      0.8333333333333334,
      0.8333333333333334,
      0.3333333333333333,
      1.0,
      0.6666666666666666,
      0.8333333333333334,
      0.8333333333333334,
      0.6666666666666666
    ],
    "Valence": [
      0.8333333333333334,
      0.8333333333333334,
      0.8333333333333334,
      1.0,
      0.3333333333333333,
      0.8333333333333334,
      0.3333333333333333,
      0.6666666666666666,
      0.16666666666666666,
      0.0,
      0.6666666666666666,
      0.6666666666666666,
      0.3333333333333333,
      0.16666666666666666,
      1.0,
      1.0,
      0.5,
      0.16666666666666666,
      0.8333333333333334,
      0.8333333333333334,
      0.8333333333333334,
      0.16666666666666666,
      0.5,
      0.0,
      0.0,
      0.3333333333333333,
      0.8333333333333334,
      1.0,
      0.8333333333333334,
      0.16666666666666666,
      0.5,
      1.0,
      0.6666666666666666,
      0.8333333333333334,
      0.16666666666666666,
      0.16666666666666666
    ],
    "Engagement": [
      1.0,
      0.8333333333333334,
      0.8333333333333334,
      1.0,
      1.0,
      0.8333333333333334,
      0.5,
      0.6666666666666666,
      0.6666666666666666,
      0.6666666666666666,
      0.8333333333333334,
      0.6666666666666666,
      0.6666666666666666,
      1.0,
      1.0,
      1.0,
      0.3333333333333333,
      0.6666666666666666,
      0.8333333333333334,
      0.8333333333333334,
      0.6666666666666666,
      0.6666666666666666,
      0.6666666666666666,
      0.8333333333333334,
      0.6666666666666666,
      0.6666666666666666,
      0.8333333333333334,
      1.0,
      0.8333333333333334,
      0.6666666666666666,
      0.6666666666666666,
      1.0,
      0.6666666666666666,
      1.0,
      1.0,
      0.6666666666666666
    ],
    "Liking": [
      0.6666666666666666,
      0.8333333333333334,
      0.8333333333333334,
      1.0,
      0.8333333333333334,
      0.8333333333333334,
      0.3333333333333333,
      0.8333333333333334,
      0.16666666666666666,
      0.0,
      0.6666666666666666,
      0.6666666666666666,
      0.3333333333333333,
      0.8333333333333334,
      1.0,
      1.0,
      0.5,
      0.5,
      0.8333333333333334,
      0.6666666666666666,
      0.6666666666666666,
      0.3333333333333333,
      0.5,
      0.6666666666666666,
      0.16666666666666666,
      0.5,
      0.8333333333333334,
      1.0,
      0.8333333333333334,
      0.16666666666666666,
      0.5,
      1.0,
      0.6666666666666666,
      1.0,
      0.16666666666666666,
      0.16666666666666666
    ],
    "Familiarity": [
      0.6666666666666666,
      0.6666666666666666,
      0.6666666666666666,
      0.6666666666666666,
      0.6666666666666666,
      0.6666666666666666,
      0.6666666666666666,
      0.6666666666666666,
      0.6666666666666666,
      0.6666666666666666,
      0.6666666666666666,
      0.6666666666666666,
      0.6666666666666666,
      0.6666666666666666,
      0.6666666666666666,
      0.6666666666666666,
      0.6666666666666666,
      0.6666666666666666,
      0.6666666666666666,
      0.6666666666666666,
      0.6666666666666666,
      0.6666666666666666,
      0.6666666666666666,
      0.6666666666666666,
      0.6666666666666666,
      0.6666666666666666,
      0.6666666666666666,
      0.0,
      0.6666666666666666,
      0.6666666666666666,
      0.6666666666666666,
      0.6666666666666666,
      0.6666666666666666,
      0.6666666666666666,
      0.6666666666666666,
      0.6666666666666666
    ]
  }
}