{
  "info": {
    "identifiers": {
      "id": "student_47"
    },
    "numericalMetadata": {
      "Extroversion": 2.6,
      "Agreeableness": 4.3,
      "Conscientiousness": 4.2,
      "Emotional Stability": 2.8,
      "Openness": 4.3
    }
  },
  "emotions": {
    "Arousal": [
      0.6666666666666666,
      0.5,
      0.5,
      0.5,
      0.5,
      0.8333333333333334,
      0.5,
      0.6666666666666666,
      0.6666666666666666,
      0.6666666666666666,
      0.6666666666666666,
      0.8333333333333334,
      0.5,
      0.8333333333333334,
      0.6666666666666666,
      0.6666666666666666,
      0.6666666666666666,
      0.6666666666666666,
      1.0,
      0.8333333333333334,
      0.5,
      0.6666666666666666,
      0.6666666666666666,
      0.6666666666666666,
      0.6666666666666666,
      0.8333333333333334,
      0.5,
      0.5,
      0.6666666666666666,
      0.6666666666666666,
      0.6666666666666666,
      0.6666666666666666,
      0.8333333333333334,
      0.6666666666666666,
      0.6666666666666666,
      0.6666666666666666
    ],
    "Valence": [
      0.5,
      0.5,
      0.5,
      0.6666666666666666,
      0.5,
      0.8333333333333334,
      0.3333333333333333,
      0.3333333333333333,
      0.5,
      0.3333333333333333,
      0.8333333333333334,
      0.3333333333333333,
      0.5,
      0.6666666666666666,
      0.3333333333333333,
      0.3333333333333333,
      0.8333333333333334,
      0.6666666666666666,
      0.3333333333333333,
      0.6666666666666666,
      0.5,
      0.6666666666666666,
      0.8333333333333334,
      0.3333333333333333,
      0.6666666666666666,
      0.3333333333333333,
      0.5,
      0.6666666666666666,
      0.6666666666666666,
      0.8333333333333334,
      0.6666666666666666,
      0.6666666666666666,
      0.16666666666666666,
      0.8333333333333334,
      0.3333333333333333,
      0.5
    ],
    "Engagement": [
      0.8333333333333334,
      0.6666666666666666,
      0.5,
      0.8333333333333334,
      0.6666666666666666,
      0.8333333333333334,
      0.6666666666666666,
      1.0,
      1.0,
      1.0,
      0.8333333333333334,
      0.8333333333333334,
      0.6666666666666666,
      0.8333333333333334,
      0.8333333333333334,
      0.6666666666666666,
      0.6666666666666666,
      0.8333333333333334,
      1.0,
      0.8333333333333334,
      0.8333333333333334,
      0.8333333333333334,
      0.8333333333333334,
      0.8333333333333334,
      0.8333333333333334,
      1.0,
      0.5,
      0.6666666666666666,
      0.8333333333333334,
      0.8333333333333334,
      1.0,
      0.6666666666666666,
      1.0,
      0.8333333333333334,
      0.8333333333333334,
      0.5
    ],
    "Liking": [
      0.16666666666666666,
      0.5,
      0.5,
      0.6666666666666666,
      0.3333333333333333,
      0.8333333333333334,
      0.6666666666666666,
      0.6666666666666666,
      0.6666666666666666,
      0.5,
      0.8333333333333334,
      0.6666666666666666,
      0.6666666666666666,
      0.6666666666666666,
      0.16666666666666666,
      0.3333333333333333,
      0.6666666666666666,
      0.6666666666666666,
      1.0,
      0.8333333333333334,
      0.8333333333333334,
      0.8333333333333334,
      0.8333333333333334,
      0.8333333333333334,
      0.8333333333333334,
      0.5,
      0.5,
      0.8333333333333334,
      0.6666666666666666,
      0.8333333333333334,
      0.5,
      0.8333333333333334,
      0.5,
      0.8333333333333334,
      0.8333333333333334,
      0.5
    ],
    "Familiarity": [
      0.0,
      0.0,
      0.0,
      0.3333333333333333,
      0.0,
      0.16666666666666666,
      0.16666666666666666,
      0.3333333333333333,
      0.6666666666666666,
      0.3333333333333333,
      0.5,
      0.5,
      0.16666666666666666,
      0.0,
      0.0,
      0.0,
      0.6666666666666666,
      0.0,
      0.6666666666666666,
      0.0,
      0.0,
      0.6666666666666666,
      0.0,
      0.5,
      0.16666666666666666,
      0.0,
      0.0,
      0.16666666666666666,
      0.16666666666666666,
      0.16666666666666666,
      0.0,
      0.3333333333333333,
      0.6666666666666666,
      0.6666666666666666,
      0.6666666666666666,
      0.0
    ]
  }
}